fr,todo,us
AMG MERCEDES,,AMG MERCEDES;AMG
BALENCIAGA,,
BMW,,BMW
DIOR,,
FERRARI,,FERRARI;Ferrari
GUESS,,GUESS;Guess
HELLO KITTY,,HELLO KITTY
KARL LAGERFELD,,KARL LAGERFELD;Karl Lagerfeld
KENZO,,
LACOSTE,,Lacoste;LACOSTE
MASERATI,,MASERATI;Maserati
MERCEDES - BENZ,,MERCEDES;MERCEDES - BENZ;Mercedes-Benz
MINI COOPER,,MINI COOPER;MINI;Mini
MONT BLANC,,
RIMOWA,,
TUMI,,TUMI
US POLO ASSN,,US POLO ASSN;U.S. Polo Assn.;US POLO
MARC JACOBS,,
DUBAIL,,
AUDEMARS PIGUET,,
DKNY,,
AY GUEY,create,AY GUEY;Ay Guey
FORWARD,create,FORWARD;Forward
